User,Assistant
What does reserved mean?,Reserved refers to someone who is quiet and does not readily show their feelings or thoughts.
Can you explain what being sociable entails?,Being sociable means enjoying being around other people and engaging in social activities.
Why do people often feel worried?,"People often feel worried due to stress, uncertainty, or anxiety about the future or various situations."
What does it mean to be imaginative?,"Being imaginative involves having the ability to create ideas or images in your mind, often linked to creativity."
What does it mean to be relaxed?,To be relaxed means to feel at ease and free from tension or anxiety.
How can one be both realistic and relaxed?,"Being realistic while relaxed means having a clear view of circumstances while maintaining a calm, composed demeanor."
What does it mean to be considerate?,"Being considerate means being thoughtful toward others, taking their feelings and needs into account."
Why is being diligent important?,"Diligence refers to the quality of being careful and persistent in work or effort, which leads to better outcomes."
What does it mean to be expressive?,"Being expressive means showing your thoughts and emotions openly, whether verbally or through actions."
How can someone be carefree?,"Being carefree means being free from worries or responsibilities, often leading to a lighthearted attitude."
